﻿Comunidades y Ciudades Autónomas,Tasa de riesgo de pobreza o exclusión social (y sus componentes),Periodo,Total
"15 Navarra, Comunidad Foral de",En riesgo de pobreza (renta año anterior a la entrevista),2020,"9,9"
"15 Navarra, Comunidad Foral de",En riesgo de pobreza (renta año anterior a la entrevista),2019,"7,7"
"15 Navarra, Comunidad Foral de",En riesgo de pobreza (renta año anterior a la entrevista),2018,"8,9"
"15 Navarra, Comunidad Foral de",En riesgo de pobreza (renta año anterior a la entrevista),2017,"8,3"
"15 Navarra, Comunidad Foral de",En riesgo de pobreza (renta año anterior a la entrevista),2016,9
"15 Navarra, Comunidad Foral de",En riesgo de pobreza (renta año anterior a la entrevista),2015,"9,6"
"15 Navarra, Comunidad Foral de",En riesgo de pobreza (renta año anterior a la entrevista),2014,"11,9"
"15 Navarra, Comunidad Foral de",En riesgo de pobreza (renta año anterior a la entrevista),2013,"9,9"
"15 Navarra, Comunidad Foral de",En riesgo de pobreza (renta año anterior a la entrevista),2012,7
"15 Navarra, Comunidad Foral de",En riesgo de pobreza (renta año anterior a la entrevista),2011,"8,1"
"15 Navarra, Comunidad Foral de",En riesgo de pobreza (renta año anterior a la entrevista),2010,"10,7"
"15 Navarra, Comunidad Foral de",En riesgo de pobreza (renta año anterior a la entrevista),2009,"7,8"
"15 Navarra, Comunidad Foral de",En riesgo de pobreza (renta año anterior a la entrevista),2008,"5,9"
